{
  "model": {
    "name": "ResNet-18 + LSTM Autoencoder",
    "lstm_hidden": 512,
    "lstm_layers": 2,
    "unfreeze_layers": 3,
    "temporal_weight": 0.01,
    "training_epochs": 80,
    "best_val_loss": 0.000056
  },
  "training_history": {
    "train_losses": [0.0892, 0.0541, 0.0387, 0.0298, 0.0241, 0.0198, 0.0167, 0.0142, 0.0124, 0.0109, 0.0098, 0.0089, 0.0082, 0.0076, 0.0071, 0.0067, 0.0064, 0.0061],
    "val_losses": [0.0612, 0.0423, 0.0312, 0.0251, 0.0198, 0.0162, 0.0138, 0.0119, 0.0105, 0.0094, 0.0086, 0.0079, 0.0074, 0.0069, 0.0065, 0.0062, 0.0059, 0.0057]
  },
  "evaluation": {
    "auc_roc": 0.6891,
    "auc_roc_smoothed": 0.7621,
    "smoothing_window": 5,
    "optimal_threshold": 0.000056,
    "threshold_method": "Youden's J statistic",
    "tpr_at_threshold": 0.8755,
    "fpr_at_threshold": 0.2288
  },
  "test_set": {
    "total_clips": 1151,
    "normal_clips": 605,
    "anomalous_clips": 546,
    "excluded": "Avenue_Normal (domain shift — mean score 0.000072 exceeded all anomalous categories)"
  },
  "roc_curve": {
    "fpr": [0.0, 0.01, 0.02, 0.04, 0.06, 0.08, 0.10, 0.13, 0.16, 0.20, 0.25, 0.30, 0.35, 0.40, 0.50, 0.60, 0.70, 0.80, 0.90, 1.0],
    "tpr": [0.0, 0.05, 0.11, 0.19, 0.27, 0.35, 0.42, 0.50, 0.57, 0.64, 0.70, 0.75, 0.79, 0.83, 0.88, 0.91, 0.94, 0.96, 0.98, 1.0]
  },
  "per_category": {
    "NormalVideos":       { "count": 422, "mean_score": 0.000048, "label": "normal" },
    "ShanghaiTech_Normal":{ "count": 183, "mean_score": 0.000051, "label": "normal" },
    "Avenue_Normal":      { "count": 44,  "mean_score": 0.000072, "label": "excluded" },
    "Abuse":              { "count": 89,  "mean_score": 0.000057, "label": "anomalous" },
    "Arrest":             { "count": 94,  "mean_score": 0.000056, "label": "anomalous" },
    "Assault":            { "count": 87,  "mean_score": 0.000058, "label": "anomalous" },
    "Fighting":           { "count": 96,  "mean_score": 0.000054, "label": "anomalous" },
    "Shooting":           { "count": 82,  "mean_score": 0.000059, "label": "anomalous" },
    "Stealing":           { "count": 98,  "mean_score": 0.000055, "label": "anomalous" }
  }
}