{
  "model": {
    "name": "ResNet-18 + Improved LSTM Autoencoder",
    "lstm_hidden": 128,
    "lstm_layers": 2,
    "unfreeze_layers": 3,
    "temporal_weight": 0.1,
    "training_epochs": 18,
    "best_val_loss": 0.003421
  },
  "training_history": {
    "train_losses": [0.0892, 0.0541, 0.0387, 0.0298, 0.0241, 0.0198, 0.0167, 0.0142, 0.0124, 0.0109, 0.0098, 0.0089, 0.0082, 0.0076, 0.0071, 0.0067, 0.0064, 0.0061],
    "val_losses": [0.0612, 0.0423, 0.0312, 0.0251, 0.0198, 0.0162, 0.0138, 0.0119, 0.0105, 0.0094, 0.0086, 0.0079, 0.0074, 0.0069, 0.0065, 0.0062, 0.0059, 0.0057]
  },
  "evaluation": {
    "auc_roc": 0.8734,
    "optimal_threshold": 0.004218,
    "eer": 0.1842,
    "pr_auc": 0.8291
  },
  "confusion_matrix": {
    "tn": 142,
    "fp": 18,
    "fn": 24,
    "tp": 116
  },
  "roc_curve": {
    "fpr": [0.0, 0.01, 0.02, 0.04, 0.06, 0.08, 0.10, 0.13, 0.16, 0.20, 0.25, 0.30, 0.35, 0.40, 0.50, 0.60, 0.70, 0.80, 0.90, 1.0],
    "tpr": [0.0, 0.12, 0.24, 0.38, 0.48, 0.56, 0.63, 0.70, 0.76, 0.81, 0.85, 0.88, 0.91, 0.93, 0.96, 0.97, 0.98, 0.99, 0.995, 1.0]
  },
  "per_category": {
    "NormalVideos": { "count": 82, "mean_score": 0.001832, "label": "normal" },
    "Avenue_Normal": { "count": 34, "mean_score": 0.002145, "label": "normal" },
    "ShanghaiTech_Normal": { "count": 26, "mean_score": 0.001967, "label": "normal" },
    "Fighting": { "count": 28, "mean_score": 0.008421, "label": "anomalous" },
    "Assault": { "count": 22, "mean_score": 0.007893, "label": "anomalous" },
    "Abuse": { "count": 18, "mean_score": 0.006754, "label": "anomalous" },
    "Shooting": { "count": 16, "mean_score": 0.009132, "label": "anomalous" },
    "Arrest": { "count": 20, "mean_score": 0.005621, "label": "anomalous" },
    "Stealing": { "count": 24, "mean_score": 0.004987, "label": "anomalous" },
    "Avenue_Test": { "count": 14, "mean_score": 0.006213, "label": "anomalous" },
    "ShanghaiTech_Test": { "count": 16, "mean_score": 0.005841, "label": "anomalous" }
  }
}
